/Characters/Characters/index.{html} /Characters/Characters/
/Home/index.{html} /Home/
/README/index.{html} /README/
/Atlas/Atlas/index.{html} /Atlas/Atlas/
/Atlas/Irondown-Burrows/index.{html} /Atlas/Irondown-Burrows/
/Books/Artorians-Archives/Artorians-Archives/index.{html} /Books/Artorians-Archives/Artorians-Archives/
/Characters/Garron/index.{html} /Characters/Garron/
/Atlas/Skyspear-Academy/index.{html} /Atlas/Skyspear-Academy/
/Books/Completionist-Chronicles/Raze/index.{html} /Books/Completionist-Chronicles/Raze/
/Books/Divine-Dungeons/Dungeon-Madness/index.{html} /Books/Divine-Dungeons/Dungeon-Madness/
/Books/Divine-Dungeons/The-Divine-Dungeon/index.{html} /Books/Divine-Dungeons/The-Divine-Dungeon/
/Books/Lions-Lineage/index.{html} /Books/Lions-Lineage/
/Characters/Jake/index.{html} /Characters/Jake/
/Bestiary/Bestiary/index.{html} /Bestiary/Bestiary/
/Books/Completionist-Chronicles/Completionist-Chronicles/index.{html} /Books/Completionist-Chronicles/Completionist-Chronicles/
/Books/Divine-Dungeons/Dungeon-Born/index.{html} /Books/Divine-Dungeons/Dungeon-Born/
/Characters/Artorian/index.{html} /Characters/Artorian/
/Characters/Sam/index.{html} /Characters/Sam/
/Lexicon/Lexicon/index.{html} /Lexicon/Lexicon/
/markdown/index.{html} /markdown/
/Books/Books/index.{html} /Books/Books/
/Books/Wolfman-Warlock/Libriohexer/index.{html} /Books/Wolfman-Warlock/Libriohexer/
/Books/Wolfman-Warlock/Wolfman-Warlock/index.{html} /Books/Wolfman-Warlock/Wolfman-Warlock/
